{
  "classes":9,
  "label2train":[
    [0, 255],
    [1, 0],
    [2, 1],
    [3, 2],
    [4, 3],
    [5, 4],
    [6, 5],
    [7, 6],
    [8, 255],
    [9, 255],
    [10, 7],
    [11, 8],
    [12, 8],
    [13, 8],
    [14, 8],
    [15, 255],
    [16, 255],
    [17, 8],
    [18, 255],
    [19, 255],
    [20, 255],
    [21, 255],
    [22, 255],
    [23, 255],
    [24, 255],
    [25, 255],
    [26, 255],
    [27, 255],
    [28, 255],
    [29, 255],
    [30, 255],
    [31, 255],
    [32, 255],
    [33, 255],
    [-1, 255]],
  "label":[
    "sky",
    "person",
    "two-wheel",
    "automobile",
    "sign",
    "light",
    "building",
    "sidewalk",
    "road"],
  "palette":[
    [70,130,180],
    [220,20,60],
    [119,11,32],
    [0,0,142],
    [220,220,0],
    [250,170,30],
    [70,70,70],
    [244,35,232],
    [128,64,128],
    [0,0,0]],
  "mean":[
    73.158359210711552,
    82.908917542625858,
    72.392398761941593],
  "std":[
    47.675755341814678,
    48.494214368814916,
    47.736546325441594]
}
